Year,Strata,Strata Name,County,Total Admits (ICD-9),30-day Readmits (ICD-9) ,30-day Readmission Rate (ICD-9),Total Admits (ICD-10),30-day Readmits (ICD-10) ,30-day Readmission Rate (ICD-10)
2011,Age,65 years and above,State,962771,144522,15%,,,
2011,Age,45 to 64 years,State,659801,90891,13.80%,,,
2011,Age,18 to 44 years,State,326070,36855,11.30%,,,
2011,Expected Payer,Self-Pay,State,75026,6563,8.70%,,,
2011,Expected Payer,Private,State,494787,48258,9.80%,,,
2011,Expected Payer,Other,State,105869,10326,9.80%,,,
2011,Expected Payer,MediCare,State,1020088,162185,15.90%,,,
2011,Expected Payer,Medi-Cal,State,252872,44936,17.80%,,,
2011,Overall,Overall,State,1948641,272268,14%,,,
2011,Overall,Overall,Alameda,75103,11377,15.10%,,,
2011,Overall,Overall,Alpine,13,1,7.70%,,,
2011,Overall,Overall,Amador,2657,345,13%,,,
2011,Overall,Overall,Butte,20422,3198,15.70%,,,
2011,Overall,Overall,Calaveras,3253,392,12.10%,,,
2011,Overall,Overall,Colusa,1113,132,11.90%,,,
2011,Overall,Overall,Contra Costa,55458,7580,13.70%,,,
2011,Overall,Overall,Del Norte,1455,206,14.20%,,,
2011,Overall,Overall,El Dorado,9890,1305,13.20%,,,
2011,Overall,Overall,Fresno,49558,6865,13.90%,,,
2011,Overall,Overall,Glenn,1745,209,12%,,,
2011,Overall,Overall,Humboldt,7053,686,9.70%,,,
2011,Overall,Overall,Imperial,9140,1194,13.10%,,,
2011,Overall,Overall,Inyo,794,57,7.20%,,,
2011,Overall,Overall,Kern,46535,6514,14%,,,
2011,Overall,Overall,Kings,7388,1011,13.70%,,,
2011,Overall,Overall,Lake,5843,893,15.30%,,,
2011,Overall,Overall,Lassen,1151,108,9.40%,,,
2011,Overall,Overall,Los Angeles,534319,83066,15.50%,,,
2011,Overall,Overall,Madera,7137,888,12.40%,,,
2011,Overall,Overall,Marin,12210,1414,11.60%,,,
2011,Overall,Overall,Mariposa,1160,144,12.40%,,,
2011,Overall,Overall,Mendocino,5360,653,12.20%,,,
2011,Overall,Overall,Merced,12482,1754,14.10%,,,
2011,Overall,Overall,Modoc,405,38,9.40%,,,
2011,Overall,Overall,Mono,245,17,6.90%,,,
2011,Overall,Overall,Monterey,18178,1973,10.90%,,,
2011,Overall,Overall,Napa,8444,1251,14.80%,,,
2011,Overall,Overall,Nevada,6098,782,12.80%,,,
2011,Overall,Overall,Orange,137953,18428,13.40%,,,
2011,Overall,Overall,Placer,18464,2258,12.20%,,,
2011,Overall,Overall,Plumas,1098,151,13.80%,,,
2011,Overall,Overall,Riverside,110802,14936,13.50%,,,
2011,Overall,Overall,Sacramento,76052,10610,14%,,,
2011,Overall,Overall,San Benito,2806,375,13.40%,,,
2011,Overall,Overall,San Bernardino,105064,14941,14.20%,,,
2011,Overall,Overall,San Diego,157874,21258,13.50%,,,
2011,Overall,Overall,San Francisco,39616,5620,14.20%,,,
2011,Overall,Overall,San Joaquin,35737,4914,13.80%,,,
2011,Overall,Overall,San Luis Obispo,14239,1603,11.30%,,,
2011,Overall,Overall,San Mateo,29726,3701,12.50%,,,
2011,Overall,Overall,Santa Barbara,18297,1963,10.70%,,,
2011,Overall,Overall,Santa Clara,68595,9076,13.20%,,,
2011,Overall,Overall,Santa Cruz,11076,1222,11%,,,
2011,Overall,Overall,Shasta,15075,1739,11.50%,,,
2011,Overall,Overall,Sierra,182,26,14.30%,,,
2011,Overall,Overall,Siskiyou,2376,201,8.50%,,,
2011,Overall,Overall,Solano,20548,2850,13.90%,,,
2011,Overall,Overall,Sonoma,23404,2757,11.80%,,,
2011,Overall,Overall,Stanislaus,30837,4278,13.90%,,,
2011,Overall,Overall,Sutter,5851,720,12.30%,,,
2011,Overall,Overall,Tehama,3509,421,12%,,,
2011,Overall,Overall,Trinity,1038,154,14.80%,,,
2011,Overall,Overall,Tulare,23641,3258,13.80%,,,
2011,Overall,Overall,Tuolumne,4131,521,12.60%,,,
2011,Overall,Overall,Ventura,42145,5195,12.30%,,,
2011,Overall,Overall,Yolo,7620,904,11.90%,,,
2011,Overall,Overall,Yuba,4902,724,14.80%,,,
2011,Race-Ethnicity,White,State,1127791,150492,13.30%,,,
2011,Race-Ethnicity,Other/Unknown,State,60771,7668,12.60%,,,
2011,Race-Ethnicity,Native American,State,5389,714,13.20%,,,
2011,Race-Ethnicity,Hispanic,State,416845,58534,14%,,,
2011,Race-Ethnicity,Asian/Pacific Islander,State,147502,20294,13.80%,,,
2011,Race-Ethnicity,African-American,State,190344,34566,18.20%,,,
2011,Sex,Male,State,901776,132417,14.70%,,,
2011,Sex,Female,State,1046865,139851,13.40%,,,
2012,Age,65 years and above,State,942119,137593,14.60%,,,
2012,Age,45 to 64 years,State,645384,89020,13.80%,,,
2012,Age,18 to 44 years,State,318458,36818,11.60%,,,
2012,Expected Payer,Self-Pay,State,71327,5842,8.20%,,,
2012,Expected Payer,Private,State,466366,45431,9.70%,,,
2012,Expected Payer,Other,State,116470,12088,10.40%,,,
2012,Expected Payer,MediCare,State,1001655,155200,15.50%,,,
2012,Expected Payer,Medi-Cal,State,250143,44870,17.90%,,,
2012,Overall,Overall,State,1905961,263431,13.80%,,,
2012,Overall,Overall,Alameda,72083,10448,14.50%,,,
2012,Overall,Overall,Alpine,10,0,0%,,,
2012,Overall,Overall,Amador,2775,411,14.80%,,,
2012,Overall,Overall,Butte,20895,3279,15.70%,,,
2012,Overall,Overall,Calaveras,3218,432,13.40%,,,
2012,Overall,Overall,Colusa,1125,179,15.90%,,,
2012,Overall,Overall,Contra Costa,55974,7733,13.80%,,,
2012,Overall,Overall,Del Norte,1411,168,11.90%,,,
2012,Overall,Overall,El Dorado,9993,1350,13.50%,,,
2012,Overall,Overall,Fresno,48216,6769,14%,,,
2012,Overall,Overall,Glenn,1772,245,13.80%,,,
2012,Overall,Overall,Humboldt,7180,743,10.30%,,,
2012,Overall,Overall,Imperial,8957,1339,14.90%,,,
2012,Overall,Overall,Inyo,787,61,7.80%,,,
2012,Overall,Overall,Kern,43650,5926,13.60%,,,
2012,Overall,Overall,Kings,6903,911,13.20%,,,
2012,Overall,Overall,Lake,5559,800,14.40%,,,
2012,Overall,Overall,Lassen,1081,138,12.80%,,,
2012,Overall,Overall,Los Angeles,517164,79235,15.30%,,,
2012,Overall,Overall,Madera,6823,806,11.80%,,,
2012,Overall,Overall,Marin,11917,1354,11.40%,,,
2012,Overall,Overall,Mariposa,1097,111,10.10%,,,
2012,Overall,Overall,Mendocino,5333,648,12.20%,,,
2012,Overall,Overall,Merced,11481,1635,14.20%,,,
2012,Overall,Overall,Modoc,413,46,11.10%,,,
2012,Overall,Overall,Mono,248,23,9.30%,,,
2012,Overall,Overall,Monterey,17916,1916,10.70%,,,
2012,Overall,Overall,Napa,8202,1153,14.10%,,,
2012,Overall,Overall,Nevada,5879,717,12.20%,,,
2012,Overall,Overall,Orange,137256,18165,13.20%,,,
2012,Overall,Overall,Placer,18788,2238,11.90%,,,
2012,Overall,Overall,Plumas,870,100,11.50%,,,
2012,Overall,Overall,Riverside,110558,14965,13.50%,,,
2012,Overall,Overall,Sacramento,74683,10124,13.60%,,,
2012,Overall,Overall,San Benito,2595,314,12.10%,,,
2012,Overall,Overall,San Bernardino,104267,14826,14.20%,,,
2012,Overall,Overall,San Diego,154878,20519,13.20%,,,
2012,Overall,Overall,San Francisco,39423,5738,14.60%,,,
2012,Overall,Overall,San Joaquin,34783,4833,13.90%,,,
2012,Overall,Overall,San Luis Obispo,13129,1416,10.80%,,,
2012,Overall,Overall,San Mateo,29701,3652,12.30%,,,
2012,Overall,Overall,Santa Barbara,18375,1956,10.60%,,,
2012,Overall,Overall,Santa Clara,67166,8898,13.20%,,,
2012,Overall,Overall,Santa Cruz,11000,1236,11.20%,,,
2012,Overall,Overall,Shasta,13926,1615,11.60%,,,
2012,Overall,Overall,Sierra,127,18,14.20%,,,
2012,Overall,Overall,Siskiyou,2351,189,8%,,,
2012,Overall,Overall,Solano,20450,2812,13.80%,,,
2012,Overall,Overall,Sonoma,22853,2637,11.50%,,,
2012,Overall,Overall,Stanislaus,30191,4083,13.50%,,,
2012,Overall,Overall,Sutter,6078,766,12.60%,,,
2012,Overall,Overall,Tehama,3494,458,13.10%,,,
2012,Overall,Overall,Trinity,945,124,13.10%,,,
2012,Overall,Overall,Tulare,22013,2974,13.50%,,,
2012,Overall,Overall,Tuolumne,4012,503,12.50%,,,
2012,Overall,Overall,Ventura,40670,4831,11.90%,,,
2012,Overall,Overall,Yolo,7462,945,12.70%,,,
2012,Overall,Overall,Yuba,4898,685,14%,,,
2012,Race-Ethnicity,White,State,1086174,143344,13.20%,,,
2012,Race-Ethnicity,Other/Unknown,State,59302,7577,12.80%,,,
2012,Race-Ethnicity,Native American,State,5727,818,14.30%,,,
2012,Race-Ethnicity,Hispanic,State,426051,59594,14%,,,
2012,Race-Ethnicity,Asian/Pacific Islander,State,144598,19494,13.50%,,,
2012,Race-Ethnicity,African-American,State,184109,32604,17.70%,,,
2012,Sex,Male,State,892006,129377,14.50%,,,
2012,Sex,Female,State,1013955,134054,13.20%,,,
2013,Age,65 years and above,State,935438,133382,14.30%,,,
2013,Age,45 to 64 years,State,624032,85059,13.60%,,,
2013,Age,18 to 44 years,State,301875,35056,11.60%,,,
2013,Expected Payer,Self-Pay,State,64227,5148,8%,,,
2013,Expected Payer,Private,State,432777,41667,9.60%,,,
2013,Expected Payer,Other,State,119093,12461,10.50%,,,
2013,Expected Payer,MediCare,State,996331,150578,15.10%,,,
2013,Expected Payer,Medi-Cal,State,248917,43643,17.50%,,,
2013,Overall,Overall,State,1861345,253497,13.60%,,,
2013,Overall,Overall,Alameda,67673,9761,14.40%,,,
2013,Overall,Overall,Alpine,9,0,0%,,,
2013,Overall,Overall,Amador,2616,357,13.60%,,,
2013,Overall,Overall,Butte,21019,3383,16.10%,,,
2013,Overall,Overall,Calaveras,3160,418,13.20%,,,
2013,Overall,Overall,Colusa,1054,128,12.10%,,,
2013,Overall,Overall,Contra Costa,54166,7369,13.60%,,,
2013,Overall,Overall,Del Norte,1424,193,13.60%,,,
2013,Overall,Overall,El Dorado,9982,1288,12.90%,,,
2013,Overall,Overall,Fresno,48385,6770,14%,,,
2013,Overall,Overall,Glenn,1695,238,14%,,,
2013,Overall,Overall,Humboldt,7185,754,10.50%,,,
2013,Overall,Overall,Imperial,8325,1189,14.30%,,,
2013,Overall,Overall,Inyo,722,34,4.70%,,,
2013,Overall,Overall,Kern,41048,5473,13.30%,,,
2013,Overall,Overall,Kings,6558,922,14.10%,,,
2013,Overall,Overall,Lake,5456,802,14.70%,,,
2013,Overall,Overall,Lassen,988,91,9.20%,,,
2013,Overall,Overall,Los Angeles,495144,73527,14.80%,,,
2013,Overall,Overall,Madera,6855,874,12.70%,,,
2013,Overall,Overall,Marin,11477,1220,10.60%,,,
2013,Overall,Overall,Mariposa,1016,106,10.40%,,,
2013,Overall,Overall,Mendocino,5355,612,11.40%,,,
2013,Overall,Overall,Merced,11581,1614,13.90%,,,
2013,Overall,Overall,Modoc,365,41,11.20%,,,
2013,Overall,Overall,Mono,249,15,6%,,,
2013,Overall,Overall,Monterey,17588,2002,11.40%,,,
2013,Overall,Overall,Napa,7829,1068,13.60%,,,
2013,Overall,Overall,Nevada,5831,774,13.30%,,,
2013,Overall,Overall,Orange,133419,17189,12.90%,,,
2013,Overall,Overall,Placer,18470,2139,11.60%,,,
2013,Overall,Overall,Plumas,828,92,11.10%,,,
2013,Overall,Overall,Riverside,110940,14914,13.40%,,,
2013,Overall,Overall,Sacramento,77051,10602,13.80%,,,
2013,Overall,Overall,San Benito,2616,335,12.80%,,,
2013,Overall,Overall,San Bernardino,104088,14890,14.30%,,,
2013,Overall,Overall,San Diego,152109,19775,13%,,,
2013,Overall,Overall,San Francisco,38608,5708,14.80%,,,
2013,Overall,Overall,San Joaquin,34379,4705,13.70%,,,
2013,Overall,Overall,San Luis Obispo,12778,1335,10.40%,,,
2013,Overall,Overall,San Mateo,29190,3583,12.30%,,,
2013,Overall,Overall,Santa Barbara,18594,1995,10.70%,,,
2013,Overall,Overall,Santa Clara,67810,8985,13.30%,,,
2013,Overall,Overall,Santa Cruz,10453,1058,10.10%,,,
2013,Overall,Overall,Shasta,13737,1449,10.50%,,,
2013,Overall,Overall,Sierra,94,9,9.60%,,,
2013,Overall,Overall,Siskiyou,2459,249,10.10%,,,
2013,Overall,Overall,Solano,20395,2736,13.40%,,,
2013,Overall,Overall,Sonoma,22136,2515,11.40%,,,
2013,Overall,Overall,Stanislaus,29926,4109,13.70%,,,
2013,Overall,Overall,Sutter,6109,802,13.10%,,,
2013,Overall,Overall,Tehama,3460,445,12.90%,,,
2013,Overall,Overall,Trinity,931,125,13.40%,,,
2013,Overall,Overall,Tulare,20826,2686,12.90%,,,
2013,Overall,Overall,Tuolumne,4050,530,13.10%,,,
2013,Overall,Overall,Ventura,38847,4814,12.40%,,,
2013,Overall,Overall,Yolo,7225,904,12.50%,,,
2013,Overall,Overall,Yuba,4804,683,14.20%,,,
2013,Race-Ethnicity,White,State,1055454,137269,13%,,,
2013,Race-Ethnicity,Other/Unknown,State,58659,7298,12.40%,,,
2013,Race-Ethnicity,Native American,State,5745,803,14%,,,
2013,Race-Ethnicity,Hispanic,State,419755,57734,13.80%,,,
2013,Race-Ethnicity,Asian/Pacific Islander,State,145024,19589,13.50%,,,
2013,Race-Ethnicity,African-American,State,176708,30804,17.40%,,,
2013,Sex,Male,State,880727,126320,14.30%,,,
2013,Sex,Female,State,980618,127177,13%,,,
2014,Age,65 years and above,State,910777,128864,14.10%,,,
2014,Age,45 to 64 years,State,623743,84969,13.60%,,,
2014,Age,18 to 44 years,State,297297,34881,11.70%,,,
2014,Expected Payer,Self-Pay,State,31122,2131,6.80%,,,
2014,Expected Payer,Private,State,415763,39775,9.60%,,,
2014,Expected Payer,Other,State,50437,4856,9.60%,,,
2014,Expected Payer,MediCare,State,970341,145784,15%,,,
2014,Expected Payer,Medi-Cal,State,364154,56168,15.40%,,,
2014,Overall,Overall,State,1831817,248714,13.60%,,,
2014,Overall,Overall,Alameda,65219,9398,14.40%,,,
2014,Overall,Overall,Alpine,11,0,0%,,,
2014,Overall,Overall,Amador,2599,319,12.30%,,,
2014,Overall,Overall,Butte,21081,3558,16.90%,,,
2014,Overall,Overall,Calaveras,2901,387,13.30%,,,
2014,Overall,Overall,Colusa,1039,144,13.90%,,,
2014,Overall,Overall,Contra Costa,52940,7257,13.70%,,,
2014,Overall,Overall,Del Norte,1352,162,12%,,,
2014,Overall,Overall,El Dorado,9331,1102,11.80%,,,
2014,Overall,Overall,Fresno,46943,6283,13.40%,,,
2014,Overall,Overall,Glenn,1898,272,14.30%,,,
2014,Overall,Overall,Humboldt,7543,821,10.90%,,,
2014,Overall,Overall,Imperial,7519,1046,13.90%,,,
2014,Overall,Overall,Inyo,834,64,7.70%,,,
2014,Overall,Overall,Kern,40730,5474,13.40%,,,
2014,Overall,Overall,Kings,6126,761,12.40%,,,
2014,Overall,Overall,Lake,5053,771,15.30%,,,
2014,Overall,Overall,Lassen,1028,129,12.50%,,,
2014,Overall,Overall,Los Angeles,489218,72658,14.90%,,,
2014,Overall,Overall,Madera,6780,835,12.30%,,,
2014,Overall,Overall,Marin,10679,1167,10.90%,,,
2014,Overall,Overall,Mariposa,1089,147,13.50%,,,
2014,Overall,Overall,Mendocino,5164,590,11.40%,,,
2014,Overall,Overall,Merced,11433,1530,13.40%,,,
2014,Overall,Overall,Modoc,322,25,7.80%,,,
2014,Overall,Overall,Mono,270,33,12.20%,,,
2014,Overall,Overall,Monterey,16384,1666,10.20%,,,
2014,Overall,Overall,Napa,7288,932,12.80%,,,
2014,Overall,Overall,Nevada,5736,711,12.40%,,,
2014,Overall,Overall,Orange,130679,16685,12.80%,,,
2014,Overall,Overall,Placer,17446,1973,11.30%,,,
2014,Overall,Overall,Plumas,854,120,14.10%,,,
2014,Overall,Overall,Riverside,111062,14744,13.30%,,,
2014,Overall,Overall,Sacramento,78028,10662,13.70%,,,
2014,Overall,Overall,San Benito,2594,325,12.50%,,,
2014,Overall,Overall,San Bernardino,101796,14251,14%,,,
2014,Overall,Overall,San Diego,150420,19696,13.10%,,,
2014,Overall,Overall,San Francisco,37820,5785,15.30%,,,
2014,Overall,Overall,San Joaquin,36070,4990,13.80%,,,
2014,Overall,Overall,San Luis Obispo,12268,1316,10.70%,,,
2014,Overall,Overall,San Mateo,27209,3434,12.60%,,,
2014,Overall,Overall,Santa Barbara,18621,1965,10.60%,,,
2014,Overall,Overall,Santa Clara,65778,8641,13.10%,,,
2014,Overall,Overall,Santa Cruz,10498,1078,10.30%,,,
2014,Overall,Overall,Shasta,13566,1462,10.80%,,,
2014,Overall,Overall,Sierra,127,10,7.90%,,,
2014,Overall,Overall,Siskiyou,2143,203,9.50%,,,
2014,Overall,Overall,Solano,19610,2685,13.70%,,,
2014,Overall,Overall,Sonoma,21862,2540,11.60%,,,
2014,Overall,Overall,Stanislaus,30096,4036,13.40%,,,
2014,Overall,Overall,Sutter,5555,724,13%,,,
2014,Overall,Overall,Tehama,3368,420,12.50%,,,
2014,Overall,Overall,Trinity,889,122,13.70%,,,
2014,Overall,Overall,Tulare,20841,2622,12.60%,,,
2014,Overall,Overall,Tuolumne,3973,505,12.70%,,,
2014,Overall,Overall,Ventura,38377,4630,12.10%,,,
2014,Overall,Overall,Yolo,7365,829,11.30%,,,
2014,Overall,Overall,Yuba,4585,707,15.40%,,,
2014,Race-Ethnicity,White,State,1025747,133419,13%,,,
2014,Race-Ethnicity,Other/Unknown,State,62424,7869,12.60%,,,
2014,Race-Ethnicity,Native American,State,5741,791,13.80%,,,
2014,Race-Ethnicity,Hispanic,State,416091,56201,13.50%,,,
2014,Race-Ethnicity,Asian/Pacific Islander,State,144113,19175,13.30%,,,
2014,Race-Ethnicity,African-American,State,177701,31259,17.60%,,,
2014,Sex,Male,State,872476,124726,14.30%,,,
2014,Sex,Female,State,959341,123988,12.90%,,,
2015,Age,65 years and above,State,710267,99244,13.97%,,,
2015,Age,45 to 64 years,State,471180,64617,13.71%,,,
2015,Age,18 to 44 years,State,224205,26273,11.72%,,,
2015,Expected Payer,Self-Pay,State,16879,1372,8.13%,,,
2015,Expected Payer,Private,State,309116,29820,9.65%,,,
2015,Expected Payer,Other,State,35535,3204,9.02%,,,
2015,Expected Payer,MediCare,State,754450,112694,14.94%,,,
2015,Expected Payer,Medi-Cal,State,289672,43044,14.86%,,,
2015,Overall,Overall,State,1405652,190134,13.53%,,,
2015,Overall,Overall,Alameda,49269,6917,14.04%,,,
2015,Overall,Overall,Alpine,9,0,0.00%,,,
2015,Overall,Overall,Amador,2124,282,13.28%,,,
2015,Overall,Overall,Butte,16661,2907,17.45%,,,
2015,Overall,Overall,Calaveras,2174,269,12.37%,,,
2015,Overall,Overall,Colusa,757,83,10.96%,,,
2015,Overall,Overall,Contra Costa,41392,5752,13.90%,,,
2015,Overall,Overall,Del Norte,889,94,10.57%,,,
2015,Overall,Overall,El Dorado,7038,809,11.49%,,,
2015,Overall,Overall,Fresno,36503,5072,13.89%,,,
2015,Overall,Overall,Glenn,1401,162,11.56%,,,
2015,Overall,Overall,Humboldt,5666,568,10.02%,,,
2015,Overall,Overall,Imperial,5769,779,13.50%,,,
2015,Overall,Overall,Inyo,637,60,9.42%,,,
2015,Overall,Overall,Kern,30391,3770,12.40%,,,
2015,Overall,Overall,Kings,4683,606,12.94%,,,
2015,Overall,Overall,Lake,3891,520,13.36%,,,
2015,Overall,Overall,Lassen,751,78,10.39%,,,
2015,Overall,Overall,Los Angeles,374849,55914,14.92%,,,
2015,Overall,Overall,Madera,5174,656,12.68%,,,
2015,Overall,Overall,Marin,8072,878,10.88%,,,
2015,Overall,Overall,Mariposa,854,113,13.23%,,,
2015,Overall,Overall,Mendocino,3816,460,12.05%,,,
2015,Overall,Overall,Merced,9474,1274,13.45%,,,
2015,Overall,Overall,Modoc,265,24,9.06%,,,
2015,Overall,Overall,Mono,193,11,5.70%,,,
2015,Overall,Overall,Monterey,12919,1353,10.47%,,,
2015,Overall,Overall,Napa,5362,697,13.00%,,,
2015,Overall,Overall,Nevada,4384,570,13.00%,,,
2015,Overall,Overall,Orange,100168,12602,12.58%,,,
2015,Overall,Overall,Placer,12961,1452,11.20%,,,
2015,Overall,Overall,Plumas,694,67,9.65%,,,
2015,Overall,Overall,Riverside,86333,11733,13.59%,,,
2015,Overall,Overall,Sacramento,59197,8068,13.63%,,,
2015,Overall,Overall,San Benito,1935,231,11.94%,,,
2015,Overall,Overall,San Bernardino,75949,10305,13.57%,,,
2015,Overall,Overall,San Diego,115410,15086,13.07%,,,
2015,Overall,Overall,San Francisco,28548,3963,13.88%,,,
2015,Overall,Overall,San Joaquin,26778,3453,12.89%,,,
2015,Overall,Overall,San Luis Obispo,9677,1020,10.54%,,,
2015,Overall,Overall,San Mateo,21159,2730,12.90%,,,
2015,Overall,Overall,Santa Barbara,14130,1574,11.14%,,,
2015,Overall,Overall,Santa Clara,51175,6733,13.16%,,,
2015,Overall,Overall,Santa Cruz,8197,885,10.80%,,,
2015,Overall,Overall,Shasta,10130,1031,10.18%,,,
2015,Overall,Overall,Sierra,85,5,5.88%,,,
2015,Overall,Overall,Siskiyou,1724,168,9.74%,,,
2015,Overall,Overall,Solano,14646,1964,13.41%,,,
2015,Overall,Overall,Sonoma,17382,2014,11.59%,,,
2015,Overall,Overall,Stanislaus,23119,3075,13.30%,,,
2015,Overall,Overall,Sutter,4325,544,12.58%,,,
2015,Overall,Overall,Tehama,2602,325,12.49%,,,
2015,Overall,Overall,Trinity,709,100,14.10%,,,
2015,Overall,Overall,Tulare,16424,2243,13.66%,,,
2015,Overall,Overall,Tuolumne,3144,410,13.04%,,,
2015,Overall,Overall,Ventura,30175,3862,12.80%,,,
2015,Overall,Overall,Yolo,5852,726,12.41%,,,
2015,Overall,Overall,Yuba,3521,527,14.97%,,,
2015,Race-Ethnicity,White,State,775900,100644,12.97%,,,
2015,Race-Ethnicity,Other/Unknown,State,51469,6612,12.85%,,,
2015,Race-Ethnicity,Native American,State,4349,571,13.13%,,,
2015,Race-Ethnicity,Hispanic,State,322838,43565,13.49%,,,
2015,Race-Ethnicity,Asian/Pacific Islander,State,114847,14968,13.03%,,,
2015,Race-Ethnicity,African-American,State,136249,23774,17.45%,,,
2015,Sex,Male,State,673048,95720,14.22%,,,
2015,Sex,Female,State,732603,94414,12.89%,,,
2016,Age,65 years and above,State,,,,957042,143961,15.04%
2016,Age,45 to 64 years,State,,,,626524,92315,14.73%
2016,Age,18 to 44 years,State,,,,293632,35595,12.12%
2016,Expected Payer,Self-Pay,State,,,,20467,1698,8.30%
2016,Expected Payer,Private,State,,,,401717,41734,10.39%
2016,Expected Payer,Other,State,,,,43191,4366,10.11%
2016,Expected Payer,MediCare,State,,,,1016129,162152,15.96%
2016,Expected Payer,Medi-Cal,State,,,,395694,61921,15.65%
2016,Overall,Overall,State,,,,"1,877,198","271,871",14.48%
2016,Overall,Overall,Alameda,,,,65203,9759,14.97%
2016,Overall,Overall,Alpine,,,,21,1,4.76%
2016,Overall,Overall,Amador,,,,2814,390,13.86%
2016,Overall,Overall,Butte,,,,22675,4041,17.82%
2016,Overall,Overall,Calaveras,,,,2868,400,13.95%
2016,Overall,Overall,Colusa,,,,971,121,12.46%
2016,Overall,Overall,Contra Costa,,,,52750,7662,14.53%
2016,Overall,Overall,Del Norte,,,,1238,125,10.10%
2016,Overall,Overall,El Dorado,,,,10298,1418,13.77%
2016,Overall,Overall,Fresno,,,,50589,8296,16.40%
2016,Overall,Overall,Glenn,,,,1935,281,14.52%
2016,Overall,Overall,Humboldt,,,,7804,937,12.01%
2016,Overall,Overall,Imperial,,,,7981,1198,15.01%
2016,Overall,Overall,Inyo,,,,757,77,10.17%
2016,Overall,Overall,Kern,,,,41749,5561,13.32%
2016,Overall,Overall,Kings,,,,6718,1030,15.33%
2016,Overall,Overall,Lake,,,,5375,845,15.72%
2016,Overall,Overall,Lassen,,,,856,96,11.21%
2016,Overall,Overall,Los Angeles,,,,493868,77874,15.77%
2016,Overall,Overall,Madera,,,,6997,1059,15.14%
2016,Overall,Overall,Marin,,,,11232,1321,11.76%
2016,Overall,Overall,Mariposa,,,,1117,154,13.79%
2016,Overall,Overall,Mendocino,,,,5158,666,12.91%
2016,Overall,Overall,Merced,,,,13467,2087,15.50%
2016,Overall,Overall,Modoc,,,,314,29,9.24%
2016,Overall,Overall,Mono,,,,308,31,10.06%
2016,Overall,Overall,Monterey,,,,17789,2066,11.61%
2016,Overall,Overall,Napa,,,,7363,1002,13.61%
2016,Overall,Overall,Nevada,,,,5671,807,14.23%
2016,Overall,Overall,Orange,,,,133527,17983,13.47%
2016,Overall,Overall,Placer,,,,18698,2180,11.66%
2016,Overall,Overall,Plumas,,,,907,107,11.80%
2016,Overall,Overall,Riverside,,,,113451,16431,14.48%
2016,Overall,Overall,Sacramento,,,,77797,11095,14.26%
2016,Overall,Overall,San Benito,,,,2505,306,12.22%
2016,Overall,Overall,San Bernardino,,,,104398,15630,14.97%
2016,Overall,Overall,San Diego,,,,151703,20891,13.77%
2016,Overall,Overall,San Francisco,,,,37697,5583,14.81%
2016,Overall,Overall,San Joaquin,,,,36298,5369,14.79%
2016,Overall,Overall,San Luis Obispo,,,,12941,1502,11.61%
2016,Overall,Overall,San Mateo,,,,27003,3461,12.82%
2016,Overall,Overall,Santa Barbara,,,,19086,2236,11.72%
2016,Overall,Overall,Santa Clara,,,,68322,9691,14.18%
2016,Overall,Overall,Santa Cruz,,,,10584,1171,11.06%
2016,Overall,Overall,Shasta,,,,14114,1675,11.87%
2016,Overall,Overall,Sierra,,,,132,15,11.36%
2016,Overall,Overall,Siskiyou,,,,2269,233,10.27%
2016,Overall,Overall,Solano,,,,21124,3069,14.53%
2016,Overall,Overall,Sonoma,,,,23675,2898,12.24%
2016,Overall,Overall,Stanislaus,,,,30756,4167,13.55%
2016,Overall,Overall,Sutter,,,,5796,816,14.08%
2016,Overall,Overall,Tehama,,,,3645,482,13.22%
2016,Overall,Overall,Trinity,,,,888,110,12.39%
2016,Overall,Overall,Tulare,,,,21561,3136,14.54%
2016,Overall,Overall,Tuolumne,,,,3887,582,14.97%
2016,Overall,Overall,Ventura,,,,40230,5489,13.64%
2016,Overall,Overall,Yolo,,,,8078,1083,13.41%
2016,Overall,Overall,Yuba,,,,4758,731,15.36%
2016,Race-Ethnicity,White,State,,,,1032282,143721,13.92%
2016,Race-Ethnicity,Other/Unknown,State,,,,71365,10042,14.07%
2016,Race-Ethnicity,Native American,State,,,,6156,1082,17.58%
2016,Race-Ethnicity,Hispanic,State,,,,432751,62673,14.48%
2016,Race-Ethnicity,Asian/Pacific Islander,State,,,,154342,21573,13.98%
2016,Race-Ethnicity,African-American,State,,,,180302,32780,18.18%
2016,Sex,Male,State,,,,910008,139661,15.35%
2016,Sex,Female,State,,,,967172,132208,13.67%
2017,Age,65 years and above,State,,,,986433,147972,15.00%
2017,Age,45 to 64 years,State,,,,611131,90987,14.89%
2017,Age,18 to 44 years,State,,,,285406,35961,12.60%
2017,Expected Payer,Self-Pay,State,,,,20495,1751,8.54%
2017,Expected Payer,Private,State,,,,392007,42024,10.72%
2017,Expected Payer,Other,State,,,,42158,4514,10.71%
2017,Expected Payer,MediCare,State,,,,1037090,164931,15.90%
2017,Expected Payer,Medi-Cal,State,,,,391220,61700,15.77%
2017,Overall,Overall,State,,,,"1,882,970","274,920",14.60%
2017,Overall,Overall,Alameda,,,,"64,950","9,676",14.90%
2017,Overall,Overall,Alpine,,,,9,,
2017,Overall,Overall,Amador,,,,"2,970",405,13.64%
2017,Overall,Overall,Butte,,,,"23,283","4,406",18.92%
2017,Overall,Overall,Calaveras,,,,"2,997",399,13.31%
2017,Overall,Overall,Colusa,,,,988,124,12.55%
2017,Overall,Overall,Contra Costa,,,,"53,095","8,016",15.10%
2017,Overall,Overall,Del Norte,,,,"1,390",161,11.58%
2017,Overall,Overall,El Dorado,,,,"10,457","1,457",13.93%
2017,Overall,Overall,Fresno,,,,"49,058","7,239",14.76%
2017,Overall,Overall,Glenn,,,,"1,957",290,14.82%
2017,Overall,Overall,Humboldt,,,,"7,593",919,12.10%
2017,Overall,Overall,Imperial,,,,"8,276","1,240",14.98%
2017,Overall,Overall,Inyo,,,,838,79,9.43%
2017,Overall,Overall,Kern,,,,"41,270","5,728",13.88%
2017,Overall,Overall,Kings,,,,"6,417",945,14.73%
2017,Overall,Overall,Lake,,,,"5,354",853,15.93%
2017,Overall,Overall,Lassen,,,,831,69,8.30%
2017,Overall,Overall,Los Angeles,,,,"481,784","75,361",15.64%
2017,Overall,Overall,Madera,,,,"6,784",931,13.72%
2017,Overall,Overall,Marin,,,,"11,379","1,412",12.41%
2017,Overall,Overall,Mariposa,,,,"1,184",167,14.10%
2017,Overall,Overall,Mendocino,,,,"5,348",681,12.73%
2017,Overall,Overall,Merced,,,,"14,017","2,182",15.57%
2017,Overall,Overall,Modoc,,,,349,42,12.03%
2017,Overall,Overall,Mono,,,,280,22,7.86%
2017,Overall,Overall,Monterey,,,,"18,362","2,179",11.87%
2017,Overall,Overall,Napa,,,,"7,243","1,000",13.81%
2017,Overall,Overall,Nevada,,,,"5,666",778,13.73%
2017,Overall,Overall,Orange,,,,"132,179","17,820",13.48%
2017,Overall,Overall,Placer,,,,"19,073","2,178",11.42%
2017,Overall,Overall,Plumas,,,,840,97,11.55%
2017,Overall,Overall,Riverside,,,,"111,614","16,334",14.63%
2017,Overall,Overall,Sacramento,,,,"80,190","12,074",15.06%
2017,Overall,Overall,San Benito,,,,"2,464",320,12.99%
2017,Overall,Overall,San Bernardino,,,,"104,537","15,991",15.30%
2017,Overall,Overall,San Diego,,,,"151,905","20,823",13.71%
2017,Overall,Overall,San Francisco,,,,"36,376","5,449",14.98%
2017,Overall,Overall,San Joaquin,,,,"37,377","5,636",15.08%
2017,Overall,Overall,San Luis Obispo,,,,"13,019","1,469",11.28%
2017,Overall,Overall,San Mateo,,,,"26,998","3,435",12.72%
2017,Overall,Overall,Santa Barbara,,,,"19,072","2,351",12.33%
2017,Overall,Overall,Santa Clara,,,,"70,038","10,082",14.40%
2017,Overall,Overall,Santa Cruz,,,,"10,702","1,323",12.36%
2017,Overall,Overall,Shasta,,,,"14,022","1,647",11.75%
2017,Overall,Overall,Sierra,,,,96,7,7.29%
2017,Overall,Overall,Siskiyou,,,,"2,122",193,9.10%
2017,Overall,Overall,Solano,,,,"20,236","2,951",14.58%
2017,Overall,Overall,Sonoma,,,,"23,479","3,024",12.88%
2017,Overall,Overall,Stanislaus,,,,"30,327","4,137",13.64%
2017,Overall,Overall,Sutter,,,,"5,639",734,13.02%
2017,Overall,Overall,Tehama,,,,"3,474",485,13.96%
2017,Overall,Overall,Trinity,,,,869,115,13.23%
2017,Overall,Overall,Tulare,,,,"22,274","3,157",14.17%
2017,Overall,Overall,Tuolumne,,,,"3,730",493,13.22%
2017,Overall,Overall,Ventura,,,,"39,966","5,535",13.85%
2017,Overall,Overall,Yolo,,,,"8,171","1,134",13.88%
2017,Overall,Overall,Yuba,,,,"4,909",758,15.44%
2017,Race-Ethnicity,White,State,,,,"1,021,384","142,762",13.98%
2017,Race-Ethnicity,Other/Unknown,State,,,,"78,602","10,982",13.97%
2017,Race-Ethnicity,Native American,State,,,,"6,269","1,027",16.38%
2017,Race-Ethnicity,Hispanic,State,,,,"442,597","65,083",14.70%
2017,Race-Ethnicity,Asian/Pacific Islander,State,,,,"156,473","22,034",14.08%
2017,Race-Ethnicity,African-American,State,,,,"177,645","33,032",18.59%
2017,Sex,Male,State,,,,"918,635","141,903",15.45%
2017,Sex,Female,State,,,,"964,335","133,017",13.79%
2018,Age,65 years and above,State,,,,"989,674","150,539",15.21%
2018,Age,45 to 64 years,State,,,,"595,858","89,815",15.07%
2018,Age,18 to 44 years,State,,,,"281,989","35,161",12.47%
2018,Expected Payer,Self-Pay,State,,,,"22,070","1,897",8.60%
2018,Expected Payer,Private,State,,,,"382,592","41,772",10.92%
2018,Expected Payer,Other,State,,,,"42,786","4,451",10.40%
2018,Expected Payer,MediCare,State,,,,"1,030,609","165,581",16.07%
2018,Expected Payer,Medi-Cal,State,,,,"389,464","61,814",15.87%
2018,Overall,Overall,State,,,,"1,867,521","275,515",14.75%
2018,Overall,Overall,Alameda,,,,"62,646","9,882",15.77%
2018,Overall,Overall,Alpine,,,,18,2,11.11%
2018,Overall,Overall,Amador,,,,"2,877",458,15.92%
2018,Overall,Overall,Butte,,,,"23,190","4,151",17.90%
2018,Overall,Overall,Calaveras,,,,"2,941",411,13.97%
2018,Overall,Overall,Colusa,,,,"1,195",185,15.48%
2018,Overall,Overall,Contra Costa,,,,"51,183","7,884",15.40%
2018,Overall,Overall,Del Norte,,,,"1,416",178,12.57%
2018,Overall,Overall,El Dorado,,,,"10,371","1,434",13.83%
2018,Overall,Overall,Fresno,,,,"48,893","7,348",15.03%
2018,Overall,Overall,Glenn,,,,"2,126",314,14.77%
2018,Overall,Overall,Humboldt,,,,"7,449",957,12.85%
2018,Overall,Overall,Imperial,,,,"8,453","1,205",14.26%
2018,Overall,Overall,Inyo,,,,852,79,9.27%
2018,Overall,Overall,Kern,,,,"39,488","5,471",13.85%
2018,Overall,Overall,Kings,,,,"6,010",879,14.63%
2018,Overall,Overall,Lake,,,,"5,227",813,15.55%
2018,Overall,Overall,Lassen,,,,798,72,9.02%
2018,Overall,Overall,Los Angeles,,,,"475,044","74,910",15.77%
2018,Overall,Overall,Madera,,,,"7,023",999,14.22%
2018,Overall,Overall,Marin,,,,"10,779","1,365",12.66%
2018,Overall,Overall,Mariposa,,,,"1,069",139,13.00%
2018,Overall,Overall,Mendocino,,,,"5,400",795,14.72%
2018,Overall,Overall,Merced,,,,"14,124","2,236",15.83%
2018,Overall,Overall,Modoc,,,,300,37,12.33%
2018,Overall,Overall,Mono,,,,296,31,10.47%
2018,Overall,Overall,Monterey,,,,"19,247","2,399",12.46%
2018,Overall,Overall,Napa,,,,"6,819","1,059",15.53%
2018,Overall,Overall,Nevada,,,,"5,779",799,13.83%
2018,Overall,Overall,Orange,,,,"130,341","17,385",13.34%
2018,Overall,Overall,Placer,,,,"18,737","2,199",11.74%
2018,Overall,Overall,Plumas,,,,970,125,12.89%
2018,Overall,Overall,Riverside,,,,"112,715","16,709",14.82%
2018,Overall,Overall,Sacramento,,,,"77,626","11,686",15.05%
2018,Overall,Overall,San Benito,,,,"2,487",349,14.03%
2018,Overall,Overall,San Bernardino,,,,"104,972","15,905",15.15%
2018,Overall,Overall,San Diego,,,,"153,864","21,665",14.08%
2018,Overall,Overall,San Francisco,,,,"34,999","5,032",14.38%
2018,Overall,Overall,San Joaquin,,,,"36,982","5,533",14.96%
2018,Overall,Overall,San Luis Obispo,,,,"12,990","1,587",12.22%
2018,Overall,Overall,San Mateo,,,,"25,690","3,319",12.92%
2018,Overall,Overall,Santa Barbara,,,,"18,914","2,242",11.85%
2018,Overall,Overall,Santa Clara,,,,"65,621","9,447",14.40%
2018,Overall,Overall,Santa Cruz,,,,"9,985","1,159",11.61%
2018,Overall,Overall,Shasta,,,,"13,815","1,750",12.67%
2018,Overall,Overall,Sierra,,,,103,10,9.71%
2018,Overall,Overall,Siskiyou,,,,"1,952",201,10.30%
2018,Overall,Overall,Solano,,,,"19,873","3,011",15.15%
2018,Overall,Overall,Sonoma,,,,"22,588","3,036",13.44%
2018,Overall,Overall,Stanislaus,,,,"30,021","3,980",13.26%
2018,Overall,Overall,Sutter,,,,"5,966",774,12.97%
2018,Overall,Overall,Tehama,,,,"3,848",581,15.10%
2018,Overall,Overall,Trinity,,,,845,107,12.66%
2018,Overall,Overall,Tulare,,,,"20,948","2,781",13.28%
2018,Overall,Overall,Tuolumne,,,,"3,495",420,12.02%
2018,Overall,Overall,Ventura,,,,"39,246","5,691",14.50%
2018,Overall,Overall,Yolo,,,,"7,761","1,032",13.30%
2018,Overall,Overall,Yuba,,,,"5,056",737,14.58%
2018,Race-Ethnicity,White,State,,,,"993,974","141,134",14.20%
2018,Race-Ethnicity,Other/Unknown,State,,,,"80,394","11,349",14.12%
2018,Race-Ethnicity,Native American,State,,,,"6,639","1,146",17.26%
2018,Race-Ethnicity,Hispanic,State,,,,"449,680","66,002",14.68%
2018,Race-Ethnicity,Asian/Pacific Islander,State,,,,"158,478","22,622",14.27%
2018,Race-Ethnicity,African-American,State,,,,"178,356","33,262",18.65%
2018,Sex,Male,State,,,,"919,439","143,611",15.62%
2018,Sex,Female,State,,,,"948,082","131,904",13.91%
2019,Age,65 years and above,State,,,,"997,322","153,140",15.36%
2019,Age,45 to 64 years,State,,,,"587,775","89,400",15.21%
2019,Age,18 to 44 years,State,,,,"281,814","35,346",12.54%
2019,Expected Payer,Self-Pay,State,,,,"23,603","1,971",8.35%
2019,Expected Payer,Private,State,,,,"367,681","39,787",10.82%
2019,Expected Payer,Other,State,,,,"45,174","5,107",11.31%
2019,Expected Payer,MediCare,State,,,,"1,040,179","168,152",16.17%
2019,Expected Payer,Medi-Cal,State,,,,"390,274","62,869",16.11%
2019,Overall,Overall,State,,,,"1,866,911","277,886",14.88%
2019,Overall,Overall,Unknown County,,,,374,59,15.78%
2019,Overall,Overall,Alameda,,,,"62,440","9,756",15.62%
2019,Overall,Overall,Alpine,,,,10,0,0.00%
2019,Overall,Overall,Amador,,,,"2,894",392,13.55%
2019,Overall,Overall,Butte,,,,"21,958","3,973",18.09%
2019,Overall,Overall,Calaveras,,,,"3,051",467,15.31%
2019,Overall,Overall,Colusa,,,,"1,196",170,14.21%
2019,Overall,Overall,Contra Costa,,,,"50,840","7,765",15.27%
2019,Overall,Overall,Del Norte,,,,"1,463",170,11.62%
2019,Overall,Overall,El Dorado,,,,"10,281","1,439",14.00%
2019,Overall,Overall,Fresno,,,,"48,532","7,442",15.33%
2019,Overall,Overall,Glenn,,,,"2,264",350,15.46%
2019,Overall,Overall,Humboldt,,,,"7,263",947,13.04%
2019,Overall,Overall,Imperial,,,,"8,295","1,253",15.11%
2019,Overall,Overall,Inyo,,,,958,99,10.33%
2019,Overall,Overall,Kern,,,,"40,793","5,885",14.43%
2019,Overall,Overall,Kings,,,,"6,360",937,14.73%
2019,Overall,Overall,Lake,,,,"5,108",822,16.09%
2019,Overall,Overall,Lassen,,,,774,76,9.82%
2019,Overall,Overall,Los Angeles,,,,"465,091","73,376",15.78%
2019,Overall,Overall,Madera,,,,"6,743",865,12.83%
2019,Overall,Overall,Marin,,,,"10,086","1,222",12.12%
2019,Overall,Overall,Mariposa,,,,"1,115",124,11.12%
2019,Overall,Overall,Mendocino,,,,"5,228",708,13.54%
2019,Overall,Overall,Merced,,,,"13,468","2,112",15.68%
2019,Overall,Overall,Modoc,,,,372,50,13.44%
2019,Overall,Overall,Mono,,,,333,33,9.91%
2019,Overall,Overall,Monterey,,,,"19,847","2,651",13.36%
2019,Overall,Overall,Napa,,,,"6,551","1,049",16.01%
2019,Overall,Overall,Nevada,,,,"5,684",760,13.37%
2019,Overall,Overall,Orange,,,,"127,580","17,412",13.65%
2019,Overall,Overall,Placer,,,,"18,957","2,282",12.04%
2019,Overall,Overall,Plumas,,,,851,100,11.75%
2019,Overall,Overall,Riverside,,,,"114,978","17,036",14.82%
2019,Overall,Overall,Sacramento,,,,"75,730","11,297",14.92%
2019,Overall,Overall,San Benito,,,,"2,276",305,13.40%
2019,Overall,Overall,San Bernardino,,,,"104,217","16,022",15.37%
2019,Overall,Overall,San Diego,,,,"155,859","21,752",13.96%
2019,Overall,Overall,San Francisco,,,,"34,983","5,090",14.55%
2019,Overall,Overall,San Joaquin,,,,"37,222","5,817",15.63%
2019,Overall,Overall,San Luis Obispo,,,,"12,891","1,622",12.58%
2019,Overall,Overall,San Mateo,,,,"25,264","3,279",12.98%
2019,Overall,Overall,Santa Barbara,,,,"19,432","2,249",11.57%
2019,Overall,Overall,Santa Clara,,,,"64,589","9,259",14.34%
2019,Overall,Overall,Santa Cruz,,,,"10,316","1,283",12.44%
2019,Overall,Overall,Shasta,,,,"13,651","1,715",12.56%
2019,Overall,Overall,Sierra,,,,116,12,10.34%
2019,Overall,Overall,Siskiyou,,,,"2,009",201,10.00%
2019,Overall,Overall,Solano,,,,"20,472","3,144",15.36%
2019,Overall,Overall,Sonoma,,,,"22,767","3,150",13.84%
2019,Overall,Overall,Stanislaus,,,,"30,499","4,321",14.17%
2019,Overall,Overall,Sutter,,,,"5,740",789,13.75%
2019,Overall,Overall,Tehama,,,,"3,895",578,14.84%
2019,Overall,Overall,Trinity,,,,784,86,10.97%
2019,Overall,Overall,Tulare,,,,"22,009","3,112",14.14%
2019,Overall,Overall,Tuolumne,,,,"3,581",484,13.52%
2019,Overall,Overall,Ventura,,,,"40,324","6,006",14.89%
2019,Overall,Overall,Yolo,,,,"7,958","1,129",14.19%
2019,Overall,Overall,Yuba,,,,"5,078",789,15.54%
2019,Race-Ethnicity,White,State,,,,"968,618","138,963",14.35%
2019,Race-Ethnicity,Other/Unknown,State,,,,"79,096","10,967",13.87%
2019,Race-Ethnicity,Native American,State,,,,"9,212","1,331",14.45%
2019,Race-Ethnicity,Multiracial,State,,,,"15,870","2,941",18.53%
2019,Race-Ethnicity,Hispanic,State,,,,"459,080","68,439",14.91%
2019,Race-Ethnicity,Asian/Pacific Islander,State,,,,"160,310","22,926",14.30%
2019,Race-Ethnicity,African-American,State,,,,"174,725","32,319",18.50%
2019,Sex,Male,State,,,,"924,095","146,090",15.81%
2019,Sex,Female,State,,,,"942,816","131,796",13.98%
2020,Age,65 years and above,State,,,,"852,458","128,749",15.10%
2020,Age,45 to 64 years,State,,,,"515,144","76,269",14.81%
2020,Age,18 to 44 years,State,,,,"256,350","30,887",12.05%
2020,Expected Payer,Self-Pay,State,,,,"19,380","1,495",7.71%
2020,Expected Payer,Private,State,,,,"323,226","34,163",10.57%
2020,Expected Payer,Other,State,,,,"38,983","4,157",10.66%
2020,Expected Payer,MediCare,State,,,,"886,758","141,143",15.92%
2020,Expected Payer,Medi-Cal,State,,,,"355,605","54,947",15.45%
2020,Overall,Overall,State,,,,"1,623,952","235,905",14.53%
2020,Overall,Overall,Alameda,,,,"54,864","8,381",15.28%
2020,Overall,Overall,Alpine,,,,7,2,28.57%
2020,Overall,Overall,Amador,,,,"2,484",353,14.21%
2020,Overall,Overall,Butte,,,,"19,635","3,585",18.26%
2020,Overall,Overall,Calaveras,,,,"2,648",358,13.52%
2020,Overall,Overall,Colusa,,,,998,137,13.73%
2020,Overall,Overall,Contra Costa,,,,"44,201","6,583",14.89%
2020,Overall,Overall,Del Norte,,,,"1,174",112,9.54%
2020,Overall,Overall,El Dorado,,,,"9,180","1,332",14.51%
2020,Overall,Overall,Fresno,,,,"44,932","6,844",15.23%
2020,Overall,Overall,Glenn,,,,"1,983",288,14.52%
2020,Overall,Overall,Humboldt,,,,"5,984",738,12.33%
2020,Overall,Overall,Imperial,,,,"7,229","1,015",14.04%
2020,Overall,Overall,Inyo,,,,855,91,10.64%
2020,Overall,Overall,Kern,,,,"36,595","4,963",13.56%
2020,Overall,Overall,Kings,,,,"5,721",835,14.60%
2020,Overall,Overall,Lake,,,,"4,191",618,14.75%
2020,Overall,Overall,Lassen,,,,614,59,9.61%
2020,Overall,Overall,Los Angeles,,,,"391,234","59,374",15.18%
2020,Overall,Overall,Madera,,,,"5,855",797,13.61%
2020,Overall,Overall,Marin,,,,"8,660","1,092",12.61%
2020,Overall,Overall,Mariposa,,,,"1,007",128,12.71%
2020,Overall,Overall,Mendocino,,,,"4,856",673,13.86%
2020,Overall,Overall,Merced,,,,"11,523","1,752",15.20%
2020,Overall,Overall,Modoc,,,,338,45,13.31%
2020,Overall,Overall,Mono,,,,274,30,10.95%
2020,Overall,Overall,Monterey,,,,"17,352","2,283",13.16%
2020,Overall,Overall,Napa,,,,"5,168",747,14.45%
2020,Overall,Overall,Nevada,,,,"5,158",682,13.22%
2020,Overall,Overall,Orange,,,,"109,124","14,464",13.25%
2020,Overall,Overall,Placer,,,,"17,443","2,120",12.15%
2020,Overall,Overall,Plumas,,,,681,80,11.75%
2020,Overall,Overall,Riverside,,,,"101,235","14,085",13.91%
2020,Overall,Overall,Sacramento,,,,"69,182","10,274",14.85%
2020,Overall,Overall,San Benito,,,,"2,082",291,13.98%
2020,Overall,Overall,San Bernardino,,,,"91,071","12,977",14.25%
2020,Overall,Overall,San Diego,,,,"137,277","19,112",13.92%
2020,Overall,Overall,San Francisco,,,,"31,482","4,799",15.24%
2020,Overall,Overall,San Joaquin,,,,"32,822","4,992",15.21%
2020,Overall,Overall,San Luis Obispo,,,,"11,003","1,398",12.71%
2020,Overall,Overall,San Mateo,,,,"21,940","2,851",12.99%
2020,Overall,Overall,Santa Barbara,,,,"17,361","2,026",11.67%
2020,Overall,Overall,Santa Clara,,,,"56,393","8,118",14.40%
2020,Overall,Overall,Santa Cruz,,,,"9,178","1,151",12.54%
2020,Overall,Overall,Shasta,,,,"12,277","1,591",12.96%
2020,Overall,Overall,Sierra,,,,95,11,11.58%
2020,Overall,Overall,Siskiyou,,,,"1,791",186,10.39%
2020,Overall,Overall,Solano,,,,"17,619","2,598",14.75%
2020,Overall,Overall,Sonoma,,,,"19,924","2,664",13.37%
2020,Overall,Overall,Stanislaus,,,,"27,464","3,868",14.08%
2020,Overall,Overall,Sutter,,,,"5,415",776,14.33%
2020,Overall,Overall,Tehama,,,,"3,505",445,12.70%
2020,Overall,Overall,Trinity,,,,693,85,12.27%
2020,Overall,Overall,Tulare,,,,"18,786","2,653",14.12%
2020,Overall,Overall,Tuolumne,,,,"3,304",474,14.35%
2020,Overall,Overall,Ventura,,,,"34,820","4,945",14.20%
2020,Overall,Overall,Yolo,,,,"6,945",976,14.05%
2020,Overall,Overall,Yuba,,,,"4,513",712,15.78%
2020,Race-Ethnicity,White,State,,,,"810,684","115,039",14.19%
2020,Race-Ethnicity,Other/Unknown,State,,,,"74,035","9,871",13.33%
2020,Race-Ethnicity,Native American,State,,,,"5,542",849,15.32%
2020,Race-Ethnicity,Multiracial,State,,,,"20,462","3,524",17.22%
2020,Race-Ethnicity,Hispanic,State,,,,"426,687","60,377",14.15%
2020,Race-Ethnicity,Asian/Pacific Islander,State,,,,"136,051","19,173",14.09%
2020,Race-Ethnicity,African-American,State,,,,"150,491","27,072",17.99%
2020,Sex,Male,State,,,,"828,448","125,542",15.15%
2020,Sex,Female,State,,,,"795,504","110,363",13.87%
2021,Age,65 years and above,State,,,,"881,606","132,742",15.06%
2021,Age,45 to 64 years,State,,,,"522,104","76,660",14.68%
2021,Age,18 to 44 years,State,,,,"275,100","32,693",11.88%
2021,Expected Payer,Self-Pay,State,,,,"18,280","1,519",8.31%
2021,Expected Payer,Private,State,,,,"339,306","35,739",10.53%
2021,Expected Payer,Other,State,,,,"42,519","4,501",10.59%
2021,Expected Payer,MediCare,State,,,,"900,016","142,496",15.83%
2021,Expected Payer,Medi-Cal,State,,,,"378,689","57,840",15.27%
2021,Overall,Overall,State,,,,"1,678,810","242,095",14.42%
2021,Overall,Overall,Alameda,,,,"57,303","9,116",15.91%
2021,Overall,Overall,Alpine,,,,18,1,5.56%
2021,Overall,Overall,Amador,,,,"2,526",337,13.34%
2021,Overall,Overall,Butte,,,,"19,671","3,643",18.52%
2021,Overall,Overall,Calaveras,,,,"2,531",339,13.39%
2021,Overall,Overall,Colusa,,,,"1,097",156,14.22%
2021,Overall,Overall,Contra Costa,,,,"47,076","7,126",15.14%
2021,Overall,Overall,Del Norte,,,,"1,197",154,12.87%
2021,Overall,Overall,El Dorado,,,,"9,451","1,341",14.19%
2021,Overall,Overall,Fresno,,,,"47,105","7,060",14.99%
2021,Overall,Overall,Glenn,,,,"2,020",278,13.76%
2021,Overall,Overall,Humboldt,,,,"5,977",750,12.55%
2021,Overall,Overall,Imperial,,,,"6,840",895,13.08%
2021,Overall,Overall,Inyo,,,,649,63,9.71%
2021,Overall,Overall,Kern,,,,"38,249","5,070",13.26%
2021,Overall,Overall,Kings,,,,"5,759",779,13.53%
2021,Overall,Overall,Lake,,,,"4,313",646,14.98%
2021,Overall,Overall,Lassen,,,,658,49,7.45%
2021,Overall,Overall,Los Angeles,,,,"403,988","60,634",15.01%
2021,Overall,Overall,Madera,,,,"6,051",798,13.19%
2021,Overall,Overall,Marin,,,,"9,224","1,118",12.12%
2021,Overall,Overall,Mariposa,,,,952,114,11.97%
2021,Overall,Overall,Mendocino,,,,"4,894",638,13.04%
2021,Overall,Overall,Merced,,,,"12,140","1,756",14.46%
2021,Overall,Overall,Modoc,,,,291,21,7.22%
2021,Overall,Overall,Mono,,,,261,21,8.05%
2021,Overall,Overall,Monterey,,,,"17,889","2,326",13.00%
2021,Overall,Overall,Napa,,,,"5,482",754,13.75%
2021,Overall,Overall,Nevada,,,,"5,172",672,12.99%
2021,Overall,Overall,Orange,,,,"109,967","14,435",13.13%
2021,Overall,Overall,Placer,,,,"19,165","2,536",13.23%
2021,Overall,Overall,Plumas,,,,704,93,13.21%
2021,Overall,Overall,Riverside,,,,"103,826","14,123",13.60%
2021,Overall,Overall,Sacramento,,,,"73,454","11,320",15.41%
2021,Overall,Overall,San Benito,,,,"2,406",360,14.96%
2021,Overall,Overall,San Bernardino,,,,"91,284","12,642",13.85%
2021,Overall,Overall,San Diego,,,,"146,135","20,537",14.05%
2021,Overall,Overall,San Francisco,,,,"32,914","5,122",15.56%
2021,Overall,Overall,San Joaquin,,,,"33,393","4,971",14.89%
2021,Overall,Overall,San Luis Obispo,,,,"11,090","1,334",12.03%
2021,Overall,Overall,San Mateo,,,,"22,904","2,982",13.02%
2021,Overall,Overall,Santa Barbara,,,,"17,936","2,250",12.54%
2021,Overall,Overall,Santa Clara,,,,"58,931","8,721",14.80%
2021,Overall,Overall,Santa Cruz,,,,"9,931","1,262",12.71%
2021,Overall,Overall,Shasta,,,,"12,325","1,512",12.27%
2021,Overall,Overall,Sierra,,,,98,12,12.24%
2021,Overall,Overall,Siskiyou,,,,"1,771",178,10.05%
2021,Overall,Overall,Solano,,,,"18,007","2,555",14.19%
2021,Overall,Overall,Sonoma,,,,"20,610","2,844",13.80%
2021,Overall,Overall,Stanislaus,,,,"29,264","4,218",14.41%
2021,Overall,Overall,Sutter,,,,"5,702",924,16.20%
2021,Overall,Overall,Tehama,,,,"3,517",489,13.90%
2021,Overall,Overall,Trinity,,,,684,82,11.99%
2021,Overall,Overall,Tulare,,,,"19,448","2,560",13.16%
2021,Overall,Overall,Tuolumne,,,,"3,231",442,13.68%
2021,Overall,Overall,Ventura,,,,"35,387","4,875",13.78%
2021,Overall,Overall,Yolo,,,,"7,134","1,039",14.56%
2021,Overall,Overall,Yuba,,,,"4,772",720,15.09%
2021,Race-Ethnicity,White,State,,,,"822,289","115,877",14.09%
2021,Race-Ethnicity,Other/Unknown,State,,,,"75,378","10,114",13.42%
2021,Race-Ethnicity,Native American,State,,,,"5,839",925,15.84%
2021,Race-Ethnicity,Multiracial,State,,,,"18,614","3,196",17.17%
2021,Race-Ethnicity,Hispanic,State,,,,"449,127","62,692",13.96%
2021,Race-Ethnicity,Asian/Pacific Islander,State,,,,"145,744","20,519",14.08%
2021,Race-Ethnicity,African-American,State,,,,"161,819","28,772",17.78%
2021,Sex,Male,State,,,,"854,230","128,192",15.01%
2021,Sex,Female,State,,,,"824,580","113,903",13.81%
2022,Age,65 years and above,State,,,,"908,736","135,662",14.93%
2022,Age,45 to 64 years,State,,,,"480,923","71,658",14.90%
2022,Age,18 to 44 years,State,,,,"254,428","31,148",12.24%
2022,Expected Payer,Self-Pay,State,,,,"16,436","1,457",8.86%
2022,Expected Payer,Private,State,,,,"311,827","34,309",11.00%
2022,Expected Payer,Other,State,,,,"42,026","4,670",11.11%
2022,Expected Payer,MediCare,State,,,,"916,730","143,186",15.62%
2022,Expected Payer,Medi-Cal,State,,,,"357,068","54,846",15.36%
2022,Overall,Overall,State,,,,"1,644,087","238,468",14.50%
2022,Overall,Overall,Alameda,,,,"56,732","9,088",16.02%
2022,Overall,Overall,Alpine,,,,10,4,40.00%
2022,Overall,Overall,Amador,,,,"2,472",323,13.07%
2022,Overall,Overall,Butte,,,,"17,966","3,214",17.89%
2022,Overall,Overall,Calaveras,,,,"2,524",386,15.29%
2022,Overall,Overall,Colusa,,,,903,104,11.52%
2022,Overall,Overall,Contra Costa,,,,"46,208","6,982",15.11%
2022,Overall,Overall,Del Norte,,,,"1,341",151,11.26%
2022,Overall,Overall,El Dorado,,,,"8,987","1,237",13.76%
2022,Overall,Overall,Fresno,,,,"47,111","7,159",15.20%
2022,Overall,Overall,Glenn,,,,"1,757",252,14.34%
2022,Overall,Overall,Humboldt,,,,"6,159",737,11.97%
2022,Overall,Overall,Imperial,,,,"6,673",908,13.61%
2022,Overall,Overall,Inyo,,,,545,53,9.72%
2022,Overall,Overall,Kern,,,,"34,947","4,643",13.29%
2022,Overall,Overall,Kings,,,,"5,429",759,13.98%
2022,Overall,Overall,Lake,,,,"3,966",601,15.15%
2022,Overall,Overall,Lassen,,,,579,50,8.64%
2022,Overall,Overall,Los Angeles,,,,"393,647","59,193",15.04%
2022,Overall,Overall,Madera,,,,"6,058",856,14.13%
2022,Overall,Overall,Marin,,,,"9,375","1,201",12.81%
2022,Overall,Overall,Mariposa,,,,944,137,14.51%
2022,Overall,Overall,Mendocino,,,,"4,607",598,12.98%
2022,Overall,Overall,Merced,,,,"11,712","1,709",14.59%
2022,Overall,Overall,Modoc,,,,307,38,12.38%
2022,Overall,Overall,Mono,,,,229,23,10.04%
2022,Overall,Overall,Monterey,,,,"18,704","2,429",12.99%
2022,Overall,Overall,Napa,,,,"5,108",688,13.47%
2022,Overall,Overall,Nevada,,,,"4,818",673,13.97%
2022,Overall,Overall,Orange,,,,"108,666","14,826",13.64%
2022,Overall,Overall,Placer,,,,"18,518","2,309",12.47%
2022,Overall,Overall,Plumas,,,,634,94,14.83%
2022,Overall,Overall,Riverside,,,,"103,546","14,693",14.19%
2022,Overall,Overall,Sacramento,,,,"70,577","10,399",14.73%
2022,Overall,Overall,San Benito,,,,"2,514",368,14.64%
2022,Overall,Overall,San Bernardino,,,,"91,005","13,303",14.62%
2022,Overall,Overall,San Diego,,,,"144,735","20,302",14.03%
2022,Overall,Overall,San Francisco,,,,"31,810","4,910",15.44%
2022,Overall,Overall,San Joaquin,,,,"32,288","4,998",15.48%
2022,Overall,Overall,San Luis Obispo,,,,"11,343","1,419",12.51%
2022,Overall,Overall,San Mateo,,,,"22,807","3,049",13.37%
2022,Overall,Overall,Santa Barbara,,,,"17,333","2,136",12.32%
2022,Overall,Overall,Santa Clara,,,,"58,551","8,629",14.74%
2022,Overall,Overall,Santa Cruz,,,,"9,591","1,216",12.68%
2022,Overall,Overall,Shasta,,,,"12,200","1,529",12.53%
2022,Overall,Overall,Sierra,,,,73,10,13.70%
2022,Overall,Overall,Siskiyou,,,,"1,667",195,11.70%
2022,Overall,Overall,Solano,,,,"17,339","2,481",14.31%
2022,Overall,Overall,Sonoma,,,,"21,315","3,062",14.37%
2022,Overall,Overall,Stanislaus,,,,"27,600","3,821",13.84%
2022,Overall,Overall,Sutter,,,,"4,755",691,14.53%
2022,Overall,Overall,Tehama,,,,"3,291",441,13.40%
2022,Overall,Overall,Trinity,,,,675,91,13.48%
2022,Overall,Overall,Tulare,,,,"18,119","2,204",12.16%
2022,Overall,Overall,Tuolumne,,,,"3,236",472,14.59%
2022,Overall,Overall,Ventura,,,,"34,253","4,771",13.93%
2022,Overall,Overall,Yolo,,,,"7,045","1,005",14.27%
2022,Overall,Overall,Yuba,,,,"4,237",631,14.89%
2022,Race-Ethnicity,White,State,,,,"805,717","113,702",14.11%
2022,Race-Ethnicity,Other/Unknown,State,,,,"74,568","9,696",13.00%
2022,Race-Ethnicity,Native American,State,,,,"5,510",883,16.03%
2022,Race-Ethnicity,Multiracial,State,,,,"18,278","3,183",17.41%
2022,Race-Ethnicity,Hispanic,State,,,,"438,706","63,024",14.37%
2022,Race-Ethnicity,Asian/Pacific Islander,State,,,,"144,674","20,209",13.97%
2022,Race-Ethnicity,African-American,State,,,,"156,634","27,771",17.73%
2022,Sex,Male,State,,,,"827,705","125,897",15.21%
2022,Sex,Female,State,,,,"816,382","112,571",13.79%
2023,Age,65 years and above,State,,,,"957,001","146,842",15.34%
2023,Age,45 to 64 years,State,,,,"483,957","74,549",15.40%
2023,Age,18 to 44 years,State,,,,"256,769","32,576",12.69%
2023,Expected Payer,Self-Pay,State,,,,"14,598","1,165",7.98%
2023,Expected Payer,Private,State,,,,"311,800","36,703",11.77%
2023,Expected Payer,Other,State,,,,"43,008","5,269",12.25%
2023,Expected Payer,MediCare,State,,,,"960,461","152,755",15.90%
2023,Expected Payer,Medi-Cal,State,,,,"367,860","58,075",15.79%
2023,Overall,Overall,State,,,,"1,697,727","253,967",14.96%
2023,Overall,Overall,Alameda,,,,"59,116","9,822",16.61%
2023,Overall,Overall,Alpine,,,,12,2,16.67%
2023,Overall,Overall,Amador,,,,"2,689",428,15.92%
2023,Overall,Overall,Butte,,,,"17,814","3,210",18.02%
2023,Overall,Overall,Calaveras,,,,"2,798",432,15.44%
2023,Overall,Overall,Colusa,,,,"1,100",163,14.82%
2023,Overall,Overall,Contra Costa,,,,"47,571","7,295",15.33%
2023,Overall,Overall,Del Norte,,,,"1,436",188,13.09%
2023,Overall,Overall,El Dorado,,,,"9,103","1,285",14.12%
2023,Overall,Overall,Fresno,,,,"47,350","7,387",15.60%
2023,Overall,Overall,Glenn,,,,"1,715",272,15.86%
2023,Overall,Overall,Humboldt,,,,"6,247",759,12.15%
2023,Overall,Overall,Imperial,,,,"7,031",966,13.74%
2023,Overall,Overall,Inyo,,,,571,51,8.93%
2023,Overall,Overall,Kern,,,,"34,907","4,826",13.83%
2023,Overall,Overall,Kings,,,,"5,025",720,14.33%
2023,Overall,Overall,Lake,,,,"4,400",689,15.66%
2023,Overall,Overall,Lassen,,,,603,54,8.96%
2023,Overall,Overall,Los Angeles,,,,"412,254","63,767",15.47%
2023,Overall,Overall,Madera,,,,"6,389",892,13.96%
2023,Overall,Overall,Marin,,,,"10,677","1,548",14.50%
2023,Overall,Overall,Mariposa,,,,962,136,14.14%
2023,Overall,Overall,Mendocino,,,,"4,872",727,14.92%
2023,Overall,Overall,Merced,,,,"11,073","1,659",14.98%
2023,Overall,Overall,Modoc,,,,298,24,8.05%
2023,Overall,Overall,Mono,,,,236,23,9.75%
2023,Overall,Overall,Monterey,,,,"20,354","2,966",14.57%
2023,Overall,Overall,Napa,,,,"5,535",820,14.81%
2023,Overall,Overall,Nevada,,,,"5,083",697,13.71%
2023,Overall,Overall,Orange,,,,"119,021","16,839",14.15%
2023,Overall,Overall,Placer,,,,"20,880","2,947",14.11%
2023,Overall,Overall,Plumas,,,,590,78,13.22%
2023,Overall,Overall,Riverside,,,,"110,387","16,420",14.87%
2023,Overall,Overall,Sacramento,,,,"75,117","11,269",15.00%
2023,Overall,Overall,San Benito,,,,"2,282",312,13.67%
2023,Overall,Overall,San Bernardino,,,,"98,339","14,784",15.03%
2023,Overall,Overall,San Diego,,,,"149,232","21,652",14.51%
2023,Overall,Overall,San Francisco,,,,"36,004","6,123",17.01%
2023,Overall,Overall,San Joaquin,,,,"33,680","5,196",15.43%
2023,Overall,Overall,San Luis Obispo,,,,"11,587","1,447",12.49%
2023,Overall,Overall,San Mateo,,,,"24,112","3,396",14.08%
2023,Overall,Overall,Santa Barbara,,,,"17,646","2,231",12.64%
2023,Overall,Overall,Santa Clara,,,,"62,896","9,727",15.47%
2023,Overall,Overall,Santa Cruz,,,,"9,996","1,266",12.67%
2023,Overall,Overall,Shasta,,,,"12,862","1,669",12.98%
2023,Overall,Overall,Sierra,,,,87,10,11.49%
2023,Overall,Overall,Siskiyou,,,,"1,787",318,17.80%
2023,Overall,Overall,Solano,,,,"18,270","2,790",15.27%
2023,Overall,Overall,Sonoma,,,,"22,465","3,330",14.82%
2023,Overall,Overall,Stanislaus,,,,"29,234","4,365",14.93%
2023,Overall,Overall,Sutter,,,,"5,209",746,14.32%
2023,Overall,Overall,Tehama,,,,"3,247",467,14.38%
2023,Overall,Overall,Trinity,,,,650,82,12.62%
2023,Overall,Overall,Tulare,,,,"17,918","2,483",13.86%
2023,Overall,Overall,Tuolumne,,,,"3,251",485,14.92%
2023,Overall,Overall,Ventura,,,,"35,807","5,244",14.65%
2023,Overall,Overall,Yolo,,,,"7,760","1,195",15.40%
2023,Overall,Overall,Yuba,,,,"4,671",740,15.84%
2023,Race-Ethnicity,White,State,,,,"830,087","121,867",14.68%
2023,Race-Ethnicity,Other/Unknown,State,,,,"74,463","9,887",13.28%
2023,Race-Ethnicity,Native American,State,,,,"5,839",936,16.03%
2023,Race-Ethnicity,Multiracial,State,,,,"18,189","3,094",17.01%
2023,Race-Ethnicity,Hispanic,State,,,,"453,645","66,194",14.59%
2023,Race-Ethnicity,Asian/Pacific Islander,State,,,,"156,928","23,294",14.84%
2023,Race-Ethnicity,African-American,State,,,,"158,576","28,695",18.10%
2023,Sex,Male,State,,,,"855,085","133,867",15.66%
2023,Sex,Female,State,,,,"842,642","120,100",14.25%
2024,Age,65 years and above,State,,,,"1,064,031","174,089",16.36%
2024,Age,45 to 64 years,State,,,,"514,798","84,624",16.44%
2024,Age,18 to 44 years,State,,,,"276,530","37,259",13.47%
2024,Expected Payer,Self-Pay,State,,,,"14,677","1,024",6.98%
2024,Expected Payer,Private,State,,,,"328,903","41,035",12.48%
2024,Expected Payer,Other,State,,,,"47,068","5,724",12.16%
2024,Expected Payer,MediCare,State,,,,"1,070,818","182,204",17.02%
2024,Expected Payer,Medi-Cal,State,,,,"393,893","65,985",16.75%
2024,Overall,Overall,Alameda,,,,"63,725","10,987",17.24%
2024,Overall,Overall,Alpine,,,,8,1,12.50%
2024,Overall,Overall,Amador,,,,"2,932",450,15.35%
2024,Overall,Overall,Butte,,,,"19,879","3,734",18.78%
2024,Overall,Overall,Calaveras,,,,"2,888",447,15.48%
2024,Overall,Overall,Colusa,,,,"1,134",166,14.64%
2024,Overall,Overall,Contra Costa,,,,"53,189","8,771",16.49%
2024,Overall,Overall,Del Norte,,,,"1,490",204,13.69%
2024,Overall,Overall,El Dorado,,,,"10,243","1,554",15.17%
2024,Overall,Overall,Fresno,,,,"52,645","8,914",16.93%
2024,Overall,Overall,Glenn,,,,"1,864",295,15.83%
2024,Overall,Overall,Humboldt,,,,"7,109","1,006",14.15%
2024,Overall,Overall,Imperial,,,,"7,852","1,119",14.25%
2024,Overall,Overall,Inyo,,,,596,47,7.89%
2024,Overall,Overall,Kern,,,,"39,434","5,914",15.00%
2024,Overall,Overall,Kings,,,,"5,596",831,14.85%
2024,Overall,Overall,Lake,,,,"4,774",802,16.80%
2024,Overall,Overall,Lassen,,,,531,43,8.10%
2024,Overall,Overall,Los Angeles,,,,"446,532","73,745",16.52%
2024,Overall,Overall,Madera,,,,"7,183","1,124",15.65%
2024,Overall,Overall,Marin,,,,"11,590","1,744",15.05%
2024,Overall,Overall,Mariposa,,,,"1,055",163,15.45%
2024,Overall,Overall,Mendocino,,,,"4,998",820,16.41%
2024,Overall,Overall,Merced,,,,"12,534","1,984",15.83%
2024,Overall,Overall,Modoc,,,,318,31,9.75%
2024,Overall,Overall,Mono,,,,180,22,12.22%
2024,Overall,Overall,Monterey,,,,"21,157","3,180",15.03%
2024,Overall,Overall,Napa,,,,"6,138","1,092",17.79%
2024,Overall,Overall,Nevada,,,,"5,932",872,14.70%
2024,Overall,Overall,Orange,,,,"129,517","19,158",14.79%
2024,Overall,Overall,Placer,,,,"22,906","3,540",15.45%
2024,Overall,Overall,Plumas,,,,532,58,10.90%
2024,Overall,Overall,Riverside,,,,"119,179","18,756",15.74%
2024,Overall,Overall,Sacramento,,,,"85,829","14,152",16.49%
2024,Overall,Overall,San Benito,,,,"2,627",354,13.48%
2024,Overall,Overall,San Bernardino,,,,"109,039","17,782",16.31%
2024,Overall,Overall,San Diego,,,,"166,651","26,146",15.69%
2024,Overall,Overall,San Francisco,,,,"38,300","6,750",17.62%
2024,Overall,Overall,San Joaquin,,,,"36,880","6,230",16.89%
2024,Overall,Overall,San Luis Obispo,,,,"11,864","1,531",12.90%
2024,Overall,Overall,San Mateo,,,,"26,596","4,095",15.40%
2024,Overall,Overall,Santa Barbara,,,,"19,703","2,736",13.89%
2024,Overall,Overall,Santa Clara,,,,"68,457","11,116",16.24%
2024,Overall,Overall,Santa Cruz,,,,"11,595","1,658",14.30%
2024,Overall,Overall,Shasta,,,,"14,607","2,072",14.18%
2024,Overall,Overall,Sierra,,,,94,16,17.02%
2024,Overall,Overall,Siskiyou,,,,"1,766",180,10.19%
2024,Overall,Overall,Solano,,,,"20,153","3,311",16.43%
2024,Overall,Overall,Sonoma,,,,"24,582","3,865",15.72%
2024,Overall,Overall,Stanislaus,,,,"31,702","4,934",15.56%
2024,Overall,Overall,Sutter,,,,"5,677",839,14.78%
2024,Overall,Overall,Tehama,,,,"3,826",558,14.58%
2024,Overall,Overall,Trinity,,,,746,101,13.54%
2024,Overall,Overall,Tulare,,,,"19,601","2,903",14.81%
2024,Overall,Overall,Tuolumne,,,,"3,598",545,15.15%
2024,Overall,Overall,Ventura,,,,"40,478","6,116",15.11%
2024,Overall,Overall,Yolo,,,,"9,146","1,514",16.55%
2024,Overall,Overall,Yuba,,,,"4,980",822,16.51%
2024,Overall,Overall,State,,,,"1,855,359","295,972",15.95%
2024,Race-Ethnicity,White,State,,,,887499,138371,15.59%
2024,Race-Ethnicity,Other/Unknown,State,,,,76853,11005,14.32%
2024,Race-Ethnicity,Native American,State,,,,6345,1065,16.78%
2024,Race-Ethnicity,Multiracial,State,,,,19365,3438,17.75%
2024,Race-Ethnicity,Hispanic,State,,,,520701,81365,15.63%
2024,Race-Ethnicity,Asian/Pacific Islander,State,,,,172268,27101,15.73%
2024,Race-Ethnicity,African-American,State,,,,172328,33627,19.51%
2024,Sex,Male,State,,,,932093,154689,16.60%
2024,Sex,Female,State,,,,923266,141283,15.30%
